{"cameraMode":{"drawMode":0,"name":"Shaded","section":"Shading Mode"},"sceneLighting":false,"audioPlay":false,"sceneViewState":{"m_AlwaysRefresh":false,"showFog":true,"showSkybox":false,"showFlares":true,"showImageEffects":true,"showParticleSystems":true,"showVisualEffectGraphs":true,"m_FxEnabled":true},"in2DMode":false,"pivot":{"x":0.2200164794921875,"y":0.14960584044456483,"z":54.00002670288086},"rotation":{"x":0.1348969042301178,"y":0.003279611701145768,"z":-0.0004466670798137784,"w":0.9908580780029297},"size":76.36772155761719,"orthographic":false}